{
  "ca": {
    "1992-01": 0,
    "1992-02": 0.1203369434416457,
    "1992-03": 0.48076923076922906,
    "1992-04": 0.11961722488038617,
    "1992-05": 0.2389486260454099,
    "1992-06": 0.23837902264598476,
    "1992-07": 0,
    "1992-08": 0.11890606420927874,
    "1992-09": 0.11876484560569,
    "1992-10": 0.11862396204034287,
    "1992-11": 0.11848341232227888,
    "1992-12": 0.2366863905325367,
    "1993-01": 0.23612750885477762,
    "1993-02": 0.35335689045936647,
    "1993-03": 0,
    "1993-04": 0.11737089201877549,
    "1993-05": 0.11723329425556983,
    "1993-06": 0,
    "1993-07": 0.11709601873535203,
    "1993-08": 0.23391812865496409,
    "1993-09": 0.1166861143523823,
    "1993-10": 0.2331002331002363,
    "1993-11": 0.11627906976743319,
    "1993-12": 0,
    "1994-01": -0.11614401858303092,
    "1994-02": -0.8139534883720989,
    "1994-03": 0,
    "1994-04": 0,
    "1994-05": -0.11723329425555873,
    "1994-06": 0.11737089201877549,
    "1994-07": 0.3516998827667095,
    "1994-08": 0.23364485981309802,
    "1994-09": 0.11655011655011815,
    "1994-10": -0.11641443538999985,
    "1994-11": 0.34965034965035446,
    "1994-12": 0.34843205574914826,
    "1995-01": 0.23148148148146586,
    "1995-02": 0.46189376443419583,
    "1995-03": 0.22988505747125743,
    "1995-04": 0.2293577981651307,
    "1995-05": 0.3432494279176135,
    "1995-06": 0,
    "1995-07": 0.11402508551880963,
    "1995-08": -0.1138952164009055,
    "1995-09": 0.11402508551880963,
    "1995-10": 0,
    "1995-11": 0.1138952164009277,
    "1995-12": 0,
    "1996-01": 0.11376564277587597,
    "1996-02": 0.1136363636363491,
    "1996-03": 0.4540295119182858,
    "1996-04": 0.225988700564983,
    "1996-05": 0.22547914317925244,
    "1996-06": 0,
    "1996-07": 0,
    "1996-08": 0.11248593925758943,
    "1996-09": 0.11235955056179137,
    "1996-10": 0.33670033670034627,
    "1996-11": 0.3355704697986628,
    "1996-12": 0.22296544035673715,
    "1997-01": 0.11123470522802492,
    "1997-02": 0.11111111111110628,
    "1997-03": 0.11098779134295356,
    "1997-04": 0,
    "1997-05": 0,
    "1997-06": 0.11086474501107446,
    "1997-07": 0.11074197120710672,
    "1997-08": 0.22123893805308104,
    "1997-09": 0,
    "1997-10": 0,
    "1997-11": -0.1103752759381793,
    "1997-12": 0.11049723756906271,
    "1998-01": 0.5518763796909409,
    "1998-02": 0,
    "1998-03": 0,
    "1998-04": -0.1097694840834218,
    "1998-05": 0.1098901098901095,
    "1998-06": 0.1097694840834329,
    "1998-07": 0,
    "1998-08": 0.10964912280702066,
    "1998-09": -0.21905805038335835,
    "1998-10": 0.5488474204171201,
    "1998-11": 0,
    "1998-12": 0,
    "1999-01": 0.21834061135370675,
    "1999-02": 0,
    "1999-03": 0.21786492374729072,
    "1999-04": 0.5434782608695565,
    "1999-05": 0.108108108108107,
    "1999-06": 0,
    "1999-07": 0.2159827213823018,
    "1999-08": 0.4310344827586299,
    "1999-09": 0.32188841201716833,
    "1999-10": 0.10695187165774556,
    "1999-11": 0.10683760683760646,
    "1999-12": 0.32017075773744796,
    "2000-01": 0,
    "2000-02": 0.31914893617019935,
    "2000-03": 0.5302226935312904,
    "2000-04": -0.42194092827003704,
    "2000-05": 0.3177966101694851,
    "2000-06": 0.6335797254487741,
    "2000-07": 0.31479538300105414,
    "2000-08": -0.10460251046024993,
    "2000-09": 0.41884816753927634,
    "2000-10": 0.4171011470281538,
    "2000-11": 0.5192107995846351,
    "2000-12": 0.20661157024792765,
    "2001-01": -0.20618556701030855,
    "2001-02": 0.10330578512398603,
    "2001-03": 0.20639834881319707,
    "2001-04": 0.720906282183309,
    "2001-05": 0.6134969325153561,
    "2001-06": 0,
    "2001-07": -0.3048780487804992,
    "2001-08": 0.10193679918450993,
    "2001-09": 0.20366598778003286,
    "2001-10": -0.3048780487804992,
    "2001-11": -0.7135575942915251,
    "2001-12": 0.30800821355236874,
    "2002-01": 0.4094165813715467,
    "2002-02": 0.3058103975535298,
    "2002-03": 0.40650406504063596,
    "2002-04": 0.7085020242914908,
    "2002-05": -0.10050251256280562,
    "2002-06": 0.2012072434607548,
    "2002-07": 0.7028112449799284,
    "2002-08": 0.3988035892322994,
    "2002-09": 0.09930486593843213,
    "2002-10": 0.49603174603174427,
    "2002-11": 0.29615004935834577,
    "2002-12": -0.09842519685039353,
    "2003-01": 0.886699507389177,
    "2003-02": 0.48828125,
    "2003-03": 0.09718172983479434,
    "2003-04": -0.6796116504854344,
    "2003-05": -0.19550342130987275,
    "2003-06": 0.19588638589618235,
    "2003-07": 0.19550342130987275,
    "2003-08": 0.29268292682926855,
    "2003-09": 0.1945525291828787,
    "2003-10": -0.09708737864077,
    "2003-11": 0.19436345966956647,
    "2003-12": 0.4849660523763344,
    "2004-01": 0.09652509652511299,
    "2004-02": 0,
    "2004-03": 0,
    "2004-04": 0.2892960462873573,
    "2004-05": 0.6730769230769207,
    "2004-06": 0.09551098376312517,
    "2004-07": 0,
    "2004-08": -0.0954198473282375,
    "2004-09": 0.09551098376312517,
    "2004-10": 0.3816793893129722,
    "2004-11": 0.47528517110266844,
    "2004-12": 0.09460737937558861,
    "2005-01": 0,
    "2005-02": 0.0945179584121103,
    "2005-03": 0.28328611898016387,
    "2005-04": 0.18832391713747842,
    "2005-05": -0.09398496240602405,
    "2005-06": 0.2822201317027151,
    "2005-07": 0.18761726078799779,
    "2005-08": 0.46816479400748623,
    "2005-09": 0.9319664492078328,
    "2005-10": -0.1846722068328699,
    "2005-11": -0.18501387604069608,
    "2005-12": 0.0926784059314123,
    "2006-01": 0.8333333333333304,
    "2006-02": -0.36730945821855654,
    "2006-03": 0.09216589861751334,
    "2006-04": 0.4604051565377576,
    "2006-05": 0.09165902841430373,
    "2006-06": -0.09157509157510235,
    "2006-07": 0.09165902841430373,
    "2006-08": 0.1831501831501825,
    "2006-09": -0.3656307129798919,
    "2006-10": 0.09174311926605228,
    "2006-11": 0.36663611365719273,
    "2006-12": 0.36529680365298134,
    "2007-01": 0.27297543221109777,
    "2007-02": 0.3629764065335772,
    "2007-03": 0.5424954792043524,
    "2007-04": 0.2697841726618577,
    "2007-05": 0,
    "2007-06": -0.17937219730942422,
    "2007-07": 0.08984725965859308,
    "2007-08": -0.08976660682227244,
    "2007-09": 0.3593890386343279,
    "2007-10": 0.1790510295434311,
    "2007-11": 0.2680965147453085,
    "2007-12": 0.35650623885916666,
    "2008-01": -0.1776198934280493,
    "2008-02": 0.177935943060481,
    "2008-03": 0.1776198934280604,
    "2008-04": 0.44326241134751143,
    "2008-05": 0.7060900264783676,
    "2008-06": 0.7011393514461117,
    "2008-07": 0.4351610095735481,
    "2008-08": 0,
    "2008-09": 0.08665511265164572,
    "2008-10": -0.6926406926406892,
    "2008-11": -0.34873583260680574,
    "2008-12": -0.34995625546805353,
    "2009-01": -0.17559262510974394,
    "2009-02": 0.3518029903254005,
    "2009-03": -0.08764241893075564,
    "2009-04": -0.2631578947368429,
    "2009-05": 0.4397537379067673,
    "2009-06": 0.4378283712784592,
    "2009-07": -0.34873583260680574,
    "2009-08": 0.17497812773403787,
    "2009-09": 0.08733624454146938,
    "2009-10": 0.17452006980802626,
    "2009-11": 0.5226480836237002,
    "2009-12": 0,
    "2010-01": 0.34662045060658286,
    "2010-02": 0.08635578583766623,
    "2010-03": -0.2588438308887109,
    "2010-04": 0,
    "2010-05": 0.08650519031143666,
    "2010-06": 0.2592912705272177,
    "2010-07": 0.5172413793103292,
    "2010-08": -0.08576329331045907,
    "2010-09": 0.17167381974250162,
    "2010-10": 0.5998286203941827,
    "2010-11": 0.25553662691653045,
    "2010-12": 0.4248088360237823,
    "2011-01": 0.16920473773265332,
    "2011-02": -0.08445945945946276,
    "2011-03": 0.6762468300929747,
    "2011-04": 0.4198152812762368,
    "2011-05": 0.33444816053511683,
    "2011-06": -0.33333333333334103,
    "2011-07": 0.16722408026756952,
    "2011-08": 0.25041736227044975,
    "2011-09": 0.33305578684430515,
    "2011-10": 0.3319502074688785,
    "2011-11": 0.08271298593878207,
    "2011-12": -0.16528925619835322,